name,funds,discretionary,total
가이아자산운용,25,,25
갤럭시자산운용,571,,571
골든브릿지자산운용,5182,,5182
교보에이아이엠자산운용,12742,,12742
교보자산운용,197223,213182,410405
구도자산운용,1648,,1648
국제자산운용,646,,646
그래디언트자산운용,110,,110
그래비티자산운용,5431,,5431
그레이스자산운용,170,,170
그로쓰힐자산운용,952,7897,8849
그린하버자산운용,4212,85,4297
글로벌원자산운용,1517,200,1717
글로벌자산운용,56,,56
나눔자산운용,485,443,928
나무자산운용,123,,123
나이스자산운용,786,50,836
넥서스자산운용,138,,138
누림자산운용,381,,381
누버거버먼자산운용,652,,652
다올자산운용,129736,7084,136820
다원자산운용,3924,383,4307
다인자산운용,417,82,499
단디자산운용,185,,185
대덕자산운용,444,,444
대신자산운용,68111,36338,104449
더글로벌자산운용,360,70,430
더다움자산운용,175,,175
더블유더블유지자산운용,2530,,2530
더블유자산운용,2207,381,2588
더제이자산운용,3297,25733,29030
더크리에이티브자산운용,581,500,1081
더퍼블릭자산운용,243,,243
더퍼스트자산운용,107,5,112
도미넌트자산운용,2203,,2203
두나미스자산운용,325,148,473
디더블유에스자산운용,10626,49213,59839
디블록자산운용,101,,101
디비아이자산운용,320,,320
디비자산운용,103310,422400,525710
디스커버리자산운용,1208,,1208
디에스자산운용,10687,1603,12290
디에이치지자산운용,100,,100
디오션자산운용,162,,162
디와이자산운용,1034,,1034
디파인자산운용,290,,290
라살자산운용,11736,,11736
라온자산운용,228,,228
라이노스자산운용,3186,,3186
라이언자산운용,3108,333,3441
라이크자산운용,129,,129
라이프자산운용,11815,2118,13933
라쿤자산운용,523,,523
람다자산운용,922,,922
레이크자산운용,620,50,670
레인메이커자산운용,1551,,1551
로고스투자운용,1444,,1444
로렌스투자자산운용,207,,207
로만자산운용,440,5,445
로버스트자산운용,1530,100,1630
루트엔글로벌자산운용,665,,665
르네상스자산운용,1595,319,1914
르퓨쳐자산운용,436,,436
리딩자산운용,2583,,2583
리버스톤자산운용,126,6,132
리운자산운용,1176,769,1945
리치먼드자산운용,2201,,2201
리치자산운용,160,6,166
리커버리자산운용,546,,546
리코자산운용,1251,587,1838
리판자산운용,426,,426
린드먼파트너스자산운용,9823,,9823
릴라이언자산운용,362,430,792
마르스자산운용,291,21,312
마스터자산운용,243,,243
마스턴투자운용,84566,80,84646
마스트파트너스자산운용,213,,213
마시펜아시아자산운용,135,,135
마에스트로자산운용,271,,271
마운틴자산운용,389,,389
마이다스에셋자산운용,99033,50076,149109
마인드자산운용,223,,223
마일스톤자산운용,6524,,6524
마제스티자산운용,246,62,308
마크자산운용,744,,744
맥쿼리자산운용,45361,,45361
머스트자산운용,5915,13,5928
머큐리자산운용,534,,534
메리디안원자산운용,210,,210
메리츠대체투자운용,40415,,40415
메이븐자산운용,166,,166
메이어스자산운용,70,5,75
메자닌플러스자산운용,186,22,208
메테우스자산운용,4157,219,4376
멜론자산운용,2810,,2810
모다자산운용,78,,78
모루자산운용,416,,416
모비딕자산운용,479,155,634
모트자산운용,362,,362
모티브자산운용,350,,350
미래에셋자산운용,1490119,300787,1790906
바로자산운용,4180,,4180
바스티언자산운용,617,,617
밸류시스템자산운용,2175,1350,3525
밸류파트너스자산운용,251,102,353
베네투스자산운용,826,,826
베스타스자산운용,43882,,43882
베아투스자산운용,229,,229
베어링자산운용,21474,90547,112021
벤코어인베스트먼츠자산운용,190,,190
벨에포크자산운용,763,,763
보고펀드자산운용,104426,651,105077
볼트자산운용,4153,,4153
브라이트자산운용,685,330,1015
브라이튼자산운용,1350,,1350
브레인자산운용,6661,278,6939
브로드하이자산운용,380,,380
브룩필드자산운용코리아,3417,,3417
브이아이자산운용,88305,21809,110114
브이아이피자산운용,11108,22646,33754
브이앤에스자산운용,897,3626,4523
브이엠자산운용,2862,,2862
브이자산운용,9215,,9215
블래쉬자산운용,1289,,1289
블랙록자산운용,2721,565,3286
블랙보드자산운용,520,,520
블랙펄자산운용,223,,223
블루코브자산운용,3194,,3194
블리츠자산운용,3656,480,4136
비앤아이자산운용,457,,457
비엔비자산운용,860,330,1190
비엔케이자산운용,89633,22167,111800
비욘드자산운용,500,4,504
비전자산운용,1532,356,1888
비케이피엘자산운용,7761,,7761
비피자산운용,396,,396
빌리언폴드자산운용,3071,500,3571
사람사점영자산운용,620,1280,1900
사우스피크자산운용,823,,823
산은인프라자산운용,156298,,156298
삼성액티브자산운용,6520,57898,64418
삼성에스알에이자산운용,162942,18579,181521
삼성자산운용,1803769,1736432,3540201
삼성헤지자산운용,1321,,1321
삼천리자산운용,16222,,16222
새봄자산운용,161,,161
샘자산운용,532,,532
서울에셋매니지먼트,688,220,908
서진자산운용,257,,257
선스피어자산운용,434,,434
센터피스자산운용,51,,51
센트로이드에셋매니지먼트,58,,58
셀레니언자산운용,301,,301
셀티스자산운용,195,,195
솔리드런자산운용,192,,192
수성자산운용,5409,996,6405
수협자산운용,1906,516,2422
슈니크자산운용,508,100,608
슈로더자산운용,12398,2906,15304
스마일게이트자산운용,2675,,2675
스카이워크자산운용,1145,,1145
스퀘어자산운용,196,,196
스타갤럭시 자산운용,213,,213
스타로드자산운용,3845,,3845
스타퀘스트자산운용,665,378,1043
스탠버그자산운용,224,,224
스틱얼터너티브자산운용,15557,,15557
스팍스자산운용,317,7924,8241
스페이스자산운용,156,93,249
스피네이커자산운용,294,58,352
슬기자산운용,2191,49,2240
시그니처자산운용,501,,501
시드인베스트먼트자산운용,409,,409
시몬느자산운용,6394,,6394
신라자산운용,31,,31
신영자산운용,42213,125,42338
신한자산운용,606170,603814,1209984
써밋자산운용,130,,130
썬앤트리자산운용,558,,558
씨비알이인베스트먼트매니지먼트자산운용,8482,,8482
씨스퀘어자산운용,2232,186,2418
씨앗자산운용,427,245,672
씨앤디자산운용,93,,93
씨에이씨파트너스자산운용,814,,814
씨엘자산운용,345,70,415
씨케이골디락스자산운용,432,70,502
아너스자산운용,5357,,5357
아든자산운용,583,,583
아라자산운용,73,,73
아람자산운용,272,,272
아르고스자산운용,104,,104
아름자산운용,805,541,1346
아미쿠스자산운용,225,,225
아샘자산운용,1613,579,2192
아스트라자산운용,365,,365
아우름자산운용,1274,10,1284
아울자산운용,62,,62
아이리스자산운용,400,,400
아이비자산운용,135,,135
아이비케이자산운용,274441,13997,288438
아이앤제이자산운용,219,33,252
아이앤케이투자자산운용,1316,,1316
아이엠에셋자산운용,69890,51325,121215
아이엠엠자산운용,1946,,1946
아이엠엠크레딧앤솔루션,523,,523
아이온자산운용,554,,554
아이트러스트자산운용,1081,120,1201
아이파트너스자산운용,1643,,1643
아이피엠자산운용,1428,,1428
아크임팩트자산운용,2219,,2219
아테나자산운용,416,,416
아트만자산운용,1529,252,1781
안다에이치자산운용,3234,435,3669
안다자산운용,4962,2931,7893
알더블유씨코리아자산운용,152,,152
알더인베스트먼트,443,,443
알세온코리아자산운용,6810,,6810
알지자산운용,45,,45
알파자산운용,17902,,17902
알파플러스자산운용,1642,,1642
알펜루트자산운용,3062,7,3069
애쉬우드파트너스자산운용,226,,226
앤도버자산운용,482,121,603
앱솔루트자산운용,1482,241,1723
어닝자산운용,264,,264
어라운드자산운용,279,,279
어반자산운용,302,,302
어스틴자산운용,50,,50
어썸자산운용,520,,520
얼라이언스번스틴자산운용,21998,1162,23160
얼라인파트너스자산운용,3640,,3640
에너지인프라자산운용,4226,,4226
에셋플러스자산운용,14486,203,14689
에스앤씨자산운용,374,,374
에스에이치자산운용,287,,287
에스엘피자산운용,205,,205
에스티엔에이치자산운용,405,,405
에스티프라이빗에쿼티운용,267,,267
에스피자산운용,1650,836,2486
에이디에프자산운용,16990,,16990
에이아이파트너스자산운용,22350,,22350
에이아이피자산운용,13899,,13899
에이알에이코리아자산운용,13919,,13919
에이에프더블유자산운용,110,,110
에이엠에스자산운용,95,,95
에이올자산운용,103,,103
에이원자산운용,3596,,3596
에이치디씨자산운용,18982,1706,20688
에이치비자산운용,42,,42
에이치스톤자산운용,39,,39
에이치알자산운용,1660,132,1792
에이치에이치알자산운용,3274,,3274
에이치원자산운용,95,,95
에이치자산운용,695,,695
에이케이파트너스자산운용,311,100,411
에이펙스자산운용,608,,608
에이플랜자산운용,200,,200
에이피자산운용,232,1,233
에프엘자산운용,2533,,2533
엑스포넨셜자산운용,399,138,537
엑시엄자산운용,103,,103
엔라이튼자산운용,461,,461
엔에스자산운용,301,50,351
엔에이치농협리츠운용,4203,,4203
엔에이치아문디자산운용,393703,180035,573738
엔에이치헤지자산운용,10619,,10619
엘비자산운용,28008,,28008
엘에프자산운용,225,,225
엘엑스자산운용,1405,447,1852
엘엔에스자산운용,1884,,1884
엘케이자산운용,1260,200,1460
엠디엠자산운용,11033,,11033
엠플러스자산운용,12762,,12762
오라이언자산운용,5720,1400,7120
오르카자산운용,274,228,502
오름자산운용,286,,286
오스카자산운용,85,,85
오이코스자산운용,163,,163
오하자산운용,4560,,4560
옵투스자산운용,324,,324
와이드크릭자산운용,3088,,3088
와이씨자산운용,512,350,862
와이앤피자산운용,2433,,2433
와이즈먼자산운용,340,,340
와이케이자산운용,3818,,3818
요위스자산운용,1080,,1080
우리자산운용,327593,89374,416967
우리프라이빗에퀴티자산운용,12321,,12321
우시아자산운용,14,,14
우영자산운용,534,,534
원에이츠자산운용,644,,644
원자산운용,1663,300,1963
월넛자산운용,1414,,1414
웰브릿지자산운용,26383,,26383
웰스자산운용,99,98,197
웰컴자산운용,11769,418,12187
위너스자산운용,732,,732
위베스트자산운용,196,10,206
위솔자산운용,670,,670
위플러스자산운용,69,,69
유경피에스지자산운용,5099,184,5283
유나이티드파트너스자산운용,4846,,4846
유니스토리자산운용,169,923,1092
유리자산운용,51725,56696,108421
유진자산운용,77040,765,77805
유피자산운용,103,,103
으뜸자산운용,367,34,401
이가자산운용,291,,291
이도자산운용,53,,53
이든자산운용,6108,,6108
이루자산운용,216,,216
이룸자산운용,185,,185
이스트우드자산운용,114,,114
이아이피자산운용,1791,,1791
이에이자산운용,244,,244
이오스자산운용,140,,140
이지스리얼에셋투자운용,1088,,1088
이지스엑스자산운용,2780,,2780
이지스자산운용,262849,,262849
이현자산운용,791,100,891
이화자산운용,6529,,6529
인마크자산운용,9431,,9431
인벡스자산운용,755,373,1128
인사이트자산운용,1574,,1574
인터레이스자산운용,586,295,881
인트러스투자운용,2326,,2326
인프라프론티어자산운용,93,,93
인피니티글로벌자산운용,1069,,1069
자비스자산운용,213,,213
자산운용진,167,,167
자산운용현,190,,190
제니스자산운용,200,,200
제브라자산운용,295,,295
제이더블유자산운용,239,,239
제이드자산운용,192,607,799
제이비자산운용,21372,32560,53932
제이씨에셋자산운용,2454,,2454
제이알투자운용,14604,,14604
제이앤제이자산운용,183,,183
제이에이치자산운용,456,,456
제이엠씨자산운용,345,,345
제이자산운용,151,,151
제이커브자산운용,432,100,532
제이피에셋자산운용,398,,398
조인에셋글로벌자산운용,660,561,1221
지니자산운용,417,10,427
지베스코자산운용,2080,,2080
지브이에이자산운용,8540,,8540
지안자산운용,455,,455
지알이파트너스자산운용,1201,,1201
지지자산운용,836,500,1336
차파트너스자산운용,2299,15,2314
카디안자산운용,25654,49696,75350
칸서스자산운용,59755,824,60579
칼론인베스트먼트자산운용,1006,,1006
캐피탈랜드투자운용,11581,,11581
캡스톤자산운용,48471,,48471
케이리츠투자운용,2775,,2775
케이비자산운용,752013,647442,1399455
케이씨지아이대체투자운용,2041,,2041
케이씨지아이자산운용,22147,481,22628
케이에스디자산운용,51,,51
케이에스에프자산운용,4645,,4645
케이에스자산운용,359,,359
케이와이자산운용,659,,659
케이원자산운용,,1060,1060
케이지티자산운용,218,5,223
케이클라비스자산운용,7171,320,7491
케이티투자운용,1586,,1586
케이펙스자산운용,1135,,1135
케이프리덤자산운용,87,46,133
케이핀자산운용,725,,725
케펠자산운용,7165,,7165
케플러자산운용,128,,128
켄달스퀘어자산운용,27681,,27681
코너스톤자산운용,368,,368
코람코자산운용,67096,,67096
코레이트자산운용,33884,215,34099
코리아자산운용,328,,328
코어자산운용,759,,759
쿼드자산운용,3780,16460,20240
쿼터백자산운용,642,556,1198
퀀트인자산운용,243,,243
퀸즈가드자산운용,785,,785
큐브인더스트리얼자산운용,253,,253
크레스톤자산운용,819,,819
크로스자산운용,123,,123
크로톤자산운용,315,,315
키움투자자산운용,423805,82531,506336
키웨스트글로벌자산운용,730,,730
키플렉스자산운용,140,,140
타이거대체투자운용,41896,,41896
타이거자산운용투자일임,6033,1380,7413
타임폴리오자산운용,33437,,33437
태성자산운용,1692,861,2553
테라자산운용,102,,102
텐세그리티자산운용,3563,,3563
템플턴하나자산운용,28934,,28934
토러스자산운용,418,15141,15559
토마토자산운용,143,,143
토브자산운용,874,,874
토터스자산운용,479,,479
토포앤코코리아자산운용,593,3720,4313
트라움자산운용,2956,64,3020
트러스타자산운용,382,300,682
트러스톤자산운용,49592,45661,95253
트레스자산운용,377,,377
티아이자산운용,598,,598
티엘자산운용,491,,491
파레토자산운용,409,175,584
파로스자산운용,909,,909
파이브트리자산운용,465,,465
파이어스톤자산운용,157,,157
파인밸류자산운용,3840,37,3877
파인스트리트자산운용,66150,,66150
파인앤파트너스자산운용,932,,932
파인트리자산운용,31388,,31388
퍼시픽브릿지자산운용,835,,835
퍼시픽자산운용,19502,,19502
페블스톤자산운용,11762,,11762
페블즈자산운용,1169,,1169
페어웨이자산운용,499,,499
페트라빌자산운용,418,,418
페트라자산운용,498,2146,2644
포도자산운용,314,50,364
포레스트자산운용,194,,194
포렉스자산운용,59,,59
포스트자산운용,180,,180
포어모스트자산운용,234,,234
포커스자산운용,3578,,3578
포트코리아자산운용,5505,,5505
푸른파트너스자산운용,1970,55,2025
프라임자산운용,770,300,1070
프라핏자산운용,929,,929
프레스토자산운용,677,,677
플랫폼파트너스자산운용,15176,521,15697
플러스자산운용,45494,2942,48436
피나클자산운용,130,,130
피데스자산운용,7197,2945,10142
피델리티자산운용,27073,59,27132
피보나치자산운용,497,283,780
피아이에이자산운용,6526,,6526
피앤케이자산운용,284,,284
피에스자산운용,442,40,482
피에이씨엠자산운용,80,,80
피티알자산운용,1254,422,1676
하나대체투자자산운용,124403,,124403
하나자산운용,280539,22075,302614
하베스트자산운용,105,,105
하우자산운용,2571,300,2871
하이즈에셋자산운용,460,,460
한강에셋자산운용,19647,,19647
한국교통자산운용,8906,,8906
한국대성자산운용,70,,70
한국대안투자자산운용,977,,977
한국대체투자자산운용,2581,120,2701
한국성장금융투자운용,71260,,71260
한국채권투자운용,1033,5137,6170
한국투자리얼에셋운용,73768,,73768
한국투자밸류자산운용,28787,9855,38642
한국투자신탁운용,448966,147948,596914
한미글로벌투자운용,119,,119
한백자산운용,236,,236
한스프라임자산운용,139,,139
한앤파트너스자산운용,269,320,589
한일퍼스트자산운용,513,,513
한화인베스트먼트,22,,22
한화자산운용,374575,541369,915944
해디브자산운용,263,,263
허브자산운용,64,,64
헤리티지자산운용,3777,,3777
혁신자산운용,275,420,695
현대인베스트먼트자산운용,128515,91910,220425
현대자산운용,75952,5493,81445
화인자산운용,6796,,6796
황소자산운용,788,,788
휴먼앤드브릿지자산운용,289,,289
흥국자산운용,137429,284412,421841
DS투자증권,678,,678
IBK투자증권,4269,,4269
PEI korea M&A,27,,27
교보증권,17074,,17074
리딩투자증권,8499,,8499
신영증권,1505,,1505
신한투자증권,18200,,18200
제너시스투자자문,42,,42
케이프투자증권,1649,,1649
코리아에셋투자증권,1923,,1923
한국투자증권,1690,,1690
홍익인간사모기업인수증권투자회사,58,,58
