date,total_short_tons,registered_short_tons,eligible_short_tons
2025-10-03,329850.0,149248.0,180602.0
2025-10-06,333574.0,152048.0,181526.0
2025-10-07,335521.0,152437.0,183084.0
2025-10-08,338159.0,152437.0,185722.0
2025-10-09,339525.0,152873.0,186652.0
2025-10-10,340875.0,152572.0,188303.0
2025-10-13,342280.0,152572.0,189708.0
2025-10-14,343235.0,154016.0,189219.0
2025-10-15,344652.0,153604.0,191048.0
2025-10-16,345581.0,149631.0,195950.0
2025-10-17,346616.0,149631.0,196985.0
2025-10-20,345924.0,150958.0,194966.0
2025-10-21,346499.0,150958.0,195541.0
2025-10-22,347498.0,150958.0,196540.0
2025-10-23,347961.0,150958.0,197003.0
2025-10-24,347741.0,150608.0,197133.0
2025-10-27,348367.0,149185.0,199182.0
2025-10-28,346662.0,149185.0,197477.0
2025-10-29,348662.0,145271.0,203391.0
2025-10-30,355660.0,145071.0,210589.0
2025-10-31,358486.0,149059.0,209427.0
2025-11-03,360491.0,149493.0,210998.0
2025-11-04,363368.0,149759.0,213609.0
2025-11-05,366419.0,171416.0,195003.0
2025-11-06,369369.0,171579.0,197790.0
2025-11-07,372304.0,167077.0,205227.0
2025-11-10,376631.0,164275.0,212356.0
2025-11-11,378303.0,162783.0,215520.0
2025-11-12,379439.0,166897.0,212542.0
2025-11-13,381296.0,165709.0,215587.0
2025-11-14,384517.0,166170.0,218347.0
2025-11-17,389288.0,171763.0,217525.0
2025-11-18,391678.0,174251.0,217427.0
2025-11-19,398513.0,176701.0,221812.0
2025-11-20,402876.0,182661.0,220215.0
2025-11-21,409385.0,184398.0,224987.0
2025-11-24,415880.0,189901.0,225979.0
2025-11-25,417666.0,194336.0,223330.0
2025-11-26,418727.0,216683.0,202044.0
2025-11-28,429346.0,216883.0,212463.0
2025-12-01,431938.0,217570.0,214368.0
2025-12-02,434283.0,245339.0,188944.0
2025-12-03,435831.0,251509.0,184322.0
2025-12-04,436853.0,253273.0,183580.0
2025-12-05,439510.0,253473.0,186037.0
2025-12-08,443047.0,255913.0,187134.0
2025-12-09,445166.0,256200.0,188966.0
2025-12-10,447298.0,256626.0,190672.0
2025-12-11,450618.0,263174.0,187444.0
2025-12-12,452817.0,263975.0,188842.0
2025-12-15,454638.0,264902.0,189736.0
2025-12-16,456986.0,265613.0,191373.0
2025-12-17,459564.0,264839.0,194725.0
2025-12-18,462204.0,265363.0,196841.0
2025-12-19,466886.0,267115.0,199771.0
2025-12-22,471162.0,267053.0,204109.0
2025-12-23,479540.0,282827.0,196713.0
2025-12-24,482942.0,292675.0,190267.0
2025-12-26,488322.0,293333.0,194989.0
2025-12-29,490722.0,312626.0,178096.0
2025-12-30,498061.0,312351.0,185710.0
2025-12-31,499841.0,318901.0,180940.0
2026-01-02,503373.0,319951.0,183422.0
2026-01-05,508881.0,319951.0,188930.0
2026-01-06,512471.0,320499.0,191972.0
2026-01-07,514957.0,321107.0,193850.0
2026-01-08,517999.0,322695.0,195304.0
2026-01-09,520441.0,324943.0,195498.0
2026-01-12,529497.0,326736.0,202761.0
2026-01-13,533587.0,330084.0,203503.0
2026-01-14,538717.0,331096.0,207621.0
2026-01-15,542914.0,331393.0,211521.0
2026-01-16,547629.0,329902.0,217727.0
2026-01-20,554904.0,333818.0,221086.0
2026-01-21,559348.0,335394.0,223954.0
2026-01-22,562605.0,336141.0,226464.0
2026-01-23,565645.0,339971.0,225674.0
2026-01-26,568865.0,339971.0,228894.0
2026-01-27,572277.0,340510.0,231767.0
2026-01-28,575133.0,346849.0,228284.0
2026-01-29,577724.0,347014.0,230710.0
2026-01-30,579774.0,350839.0,228935.0
2026-02-02,582292.0,353854.0,228438.0
2026-02-03,584184.0,355959.0,228225.0
2026-02-04,586429.0,358636.0,227793.0
2026-02-05,589081.0,358812.0,230269.0
2026-02-06,590211.0,359402.0,230809.0
2026-02-09,591459.0,359754.0,231705.0
2026-02-10,592536.0,367751.0,224785.0
2026-02-11,590525.0,368654.0,221871.0
2026-02-12,591462.0,371492.0,219970.0
2026-02-13,593178.0,366388.0,226790.0
2026-02-17,595518.0,367265.0,228253.0
2026-02-19,598702.0,375890.0,222812.0
2026-02-20,600436.0,378054.0,222382.0
2026-02-23,601565.0,378893.0,222672.0
2026-02-24,601037.0,381935.0,219102.0
2026-02-25,601048.0,381801.0,219247.0
2026-02-26,601541.0,381801.0,219740.0
2026-02-27,601716.0,381801.0,219915.0
2026-03-02,601338.0,379378.0,221960.0
2026-03-03,600948.0,383795.0,217153.0
2026-03-04,599662.0,380388.0,219274.0
2026-03-05,597938.0,376825.0,221113.0
2026-03-06,596438.0,375329.0,221109.0
2026-03-09,594405.0,375341.0,219064.0
2026-03-10,592489.0,375931.0,216558.0
2026-03-11,592243.0,375931.0,216312.0
2026-03-12,591645.0,377035.0,214610.0
2026-03-13,589762.0,377586.0,212176.0
2026-03-16,588364.0,377586.0,210778.0
2026-03-17,588677.0,377604.0,211073.0
2026-03-18,588804.0,377604.0,211200.0
2026-03-19,588704.0,372446.0,216258.0
2026-03-20,587468.0,378547.0,208921.0
2026-03-24,588680.0,381376.0,207304.0
2026-03-25,589715.0,375020.0,214695.0
2026-03-26,588919.0,373972.0,214947.0
2026-03-27,588121.0,373972.0,214149.0
2026-03-30,587166.0,373972.0,213194.0
2026-03-31,588238.0,373972.0,214266.0
2026-04-01,587780.0,373972.0,213808.0
2026-04-02,587142.0,373972.0,213170.0
2026-04-06,587130.0,373972.0,213158.0
2026-04-07,586476.0,374174.0,212302.0
2026-04-08,586510.0,377677.0,208833.0
2026-04-09,586507.0,378075.0,208432.0
2026-04-10,586465.0,378985.0,207480.0
2026-04-13,586563.0,378985.0,207578.0
2026-04-14,590435.0,376325.0,214110.0
2026-04-15,592634.0,390258.0,202376.0
2026-04-16,594503.0,399266.0,195237.0
2026-04-17,595509.0,399878.0,195631.0
2026-04-20,600635.0,401019.0,199616.0
2026-04-21,603745.0,401556.0,202189.0
2026-04-22,605283.0,404963.0,200320.0
2026-04-23,606336.0,406206.0,200130.0
2026-04-24,607936.0,408180.0,199756.0
2026-04-27,607344.0,406643.0,200701.0
2026-04-28,608735.0,412816.0,195919.0
2026-04-29,611485.0,414806.0,196679.0
2026-04-30,615159.0,414007.0,201152.0
2026-05-01,615852.0,414007.0,201845.0
2026-05-04,616825.0,418249.0,198576.0
2026-05-05,618470.0,419296.0,199174.0
2026-05-06,619866.0,416404.0,203462.0
2026-05-07,621029.0,416787.0,204242.0
2026-05-08,621778.0,411440.0,210338.0
2026-05-11,623005.0,411534.0,211471.0
2026-05-12,624028.0,411935.0,212093.0
2026-05-13,625346.0,411925.0,213421.0
2026-05-14,627195.0,411925.0,215270.0
2026-05-15,629676.0,412477.0,217199.0
2026-05-18,632474.0,424990.0,207484.0
2026-05-19,633039.0,426290.0,206749.0
2026-05-20,633680.0,427090.0,206590.0
2026-05-21,633977.0,428166.0,205811.0
2026-05-22,636451.0,432588.0,203863.0
2026-05-26,637409.0,433230.0,204179.0
2026-05-27,638224.0,436147.0,202077.0
2026-05-28,640181.0,436147.0,204034.0
2026-05-29,642098.0,436147.0,205951.0
2026-06-01,642045.0,436147.0,205898.0
2026-06-02,642164.0,436147.0,206017.0
2026-06-03,642709.0,432469.0,210240.0
2026-06-04,644546.0,424193.0,220353.0
2026-06-05,646267.0,429356.0,216911.0
2026-06-08,647761.0,432215.0,215546.0
2026-06-09,648843.0,432548.0,216295.0
2026-06-10,649770.0,432548.0,217222.0
2026-06-11,650412.0,432757.0,217655.0
2026-06-12,650598.0,433232.0,217366.0
2026-06-15,650631.0,433383.0,217248.0
2026-06-16,650414.0,433467.0,216947.0
2026-06-17,652197.0,433653.0,218544.0
2026-06-18,654038.0,442619.0,211419.0
2026-06-22,655834.0,440076.0,215758.0
2026-06-23,658924.0,438808.0,220116.0
2026-06-24,660768.0,438932.0,221836.0
2026-06-25,662802.0,445544.0,217258.0
2026-06-26,664030.0,446067.0,217963.0
2026-06-29,666337.0,446067.0,220270.0
2026-06-30,666821.0,446067.0,220754.0
2026-07-01,668691.0,446433.0,222258.0
2026-07-02,668934.0,448117.0,220817.0
2026-07-06,671399.0,448244.0,223155.0
2026-07-07,674078.0,449131.0,224947.0
2026-07-08,675893.0,449258.0,226635.0
2026-07-09,676534.0,449258.0,227276.0
2026-07-10,678045.0,449108.0,228937.0
2026-07-13,680804.0,451502.0,229302.0
2026-07-14,681948.0,452628.0,229320.0
2026-07-15,690858.0,445117.0,245741.0
2026-07-16,694778.0,450979.0,243799.0
2026-07-17,698637.0,450816.0,247821.0
2026-07-20,700953.0,454192.0,246761.0
2026-07-21,702498.0,455085.0,247413.0
2026-07-22,704539.0,459632.0,244907.0
2026-07-23,706328.0,458881.0,247447.0
2026-07-24,707470.0,459818.0,247652.0
2026-07-27,709101.0,457005.0,252096.0
2026-07-28,710401.0,457566.0,252835.0
2026-07-29,713949.0,458996.0,254953.0
2026-07-30,716175.0,458370.0,257805.0
2026-07-31,717314.0,457966.0,259348.0
2026-08-03,718726.0,457966.0,260760.0
2026-08-04,720140.0,458779.0,261361.0
2026-08-05,720439.0,458779.0,261660.0
2026-08-06,722839.0,458779.0,264060.0
2026-08-07,725875.0,459933.0,265942.0
2026-08-10,728159.0,460669.0,267490.0
2026-08-11,731232.0,461500.0,269732.0
2026-08-12,733653.0,447354.0,286299.0
2026-08-13,735470.0,447816.0,287654.0
2026-08-14,737353.0,448889.0,288464.0
2026-08-17,738850.0,449576.0,289274.0
2026-08-18,741253.0,447339.0,293914.0
2026-08-19,741792.0,447299.0,294493.0
2026-08-20,742778.0,448534.0,294244.0
2026-08-21,744265.0,448534.0,295731.0
2026-08-24,745277.0,447710.0,297567.0
2026-08-25,747039.0,459149.0,287890.0
2026-08-26,750923.0,474842.0,276081.0
2026-08-27,753640.0,477482.0,276158.0
2026-08-28,758889.0,477482.0,281407.0
2026-08-31,762437.0,477482.0,284955.0
2026-09-01,764597.0,477482.0,287115.0
2026-09-02,765747.0,477482.0,288265.0
2026-09-03,766795.0,477721.0,289074.0
2026-09-04,767275.0,477721.0,289554.0
2026-09-08,767495.0,477721.0,289774.0
2026-09-09,767664.0,477721.0,289943.0
2026-09-10,767504.0,479003.0,288501.0
2026-09-11,767599.0,476842.0,290757.0
2026-09-14,768098.0,476842.0,291256.0
2026-09-15,768178.0,476451.0,291727.0
2026-09-16,767905.0,476451.0,291454.0
2026-09-17,767433.0,476280.0,291153.0
2026-09-18,768064.0,476033.0,292031.0
2026-09-21,768605.0,475578.0,293027.0
2026-09-22,769061.0,478907.0,290154.0
2026-09-23,769969.0,477102.0,292867.0
2026-09-24,770883.0,477102.0,293781.0
2026-09-25,772405.0,475484.0,296921.0
2026-09-28,774208.0,470317.0,303891.0
2026-09-29,775821.0,471428.0,304393.0
