period,euv,arfi,arf_dry,krf,i_line,source
2011,3,,,,,annual report (NXE systems recognized)
2012,1,,,,,annual report (NXE systems recognized)
2013,1,77,2,64,13,annual report
2014,5,76,3,38,14,annual report
2015,1,67,9,74,18,annual report
2016,4,70,6,57,20,annual report
2016Q4,1,17,1,15,4,quarterly slide (prev quarter in 2017-04-19)
2017Q1,0,18,4,19,3,quarterly slide 2017-04-19
2017Q2,2,16,3,14,7,quarterly slide 2017-07-19
2017Q3,4,22,2,18,9,quarterly slide 2017-10-18
2017Q4,5,20,5,20,7,quarterly slide 2018-01-17
2018Q1,1,21,3,19,5,quarterly slide 2018-04-18
2018Q2,7,19,5,19,8,quarterly slide 2018-07-18
2018Q3,5,22,3,18,5,quarterly slide 2018-10-17
2018Q4,5,24,5,22,8,quarterly slide 2019-01-23
2019Q1,4,17,4,14,9,quarterly slide 2019-04-17
2019Q2,7,13,3,19,6,quarterly slide 2019-07-17
2019Q3,7,21,9,14,6,quarterly slide 2019-10-16
2019Q4,8,31,6,18,13,quarterly slide 2020-01-22
2020Q1,2,16,6,22,11,quarterly slide 2020-04-15
2020Q2,7,17,7,23,7,derived: FY2020 annual report minus Q1/Q3/Q4 (no slide filed); matches total 61
2020Q3,14,11,2,23,10,quarterly slide (prev quarter in 2021-01-20)
2020Q4,8,24,7,35,6,quarterly slide 2021-01-20
2021Q1,7,24,4,35,6,quarterly slide 2021-04-21
2021Q2,9,16,7,31,9,quarterly slide 2021-07-21
2021Q3,15,21,6,30,7,quarterly slide 2021-10-20
2021Q4,11,20,5,35,11,quarterly slide (prev quarter in 2022-04-20)
2022Q1,3,18,6,26,9,quarterly slide 2022-04-20
2022Q2,12,21,8,38,12,quarterly slide 2022-07-20
2022Q3,12,20,6,38,10,quarterly slide 2022-10-19
2022Q4,13,22,8,49,14,quarterly slide (prev quarter in 2023-04-19)
2023Q1,17,25,7,43,8,quarterly slide 2023-04-19
2023Q2,12,39,6,43,13,quarterly slide 2023-07-19
2023Q3,11,32,9,44,16,quarterly slide 2023-10-18
2023Q4,13,29,10,54,18,quarterly slide (prev quarter in 2024-04-17)
2024Q1,11,20,4,25,10,quarterly slide 2024-04-17
2024Q2,8,32,11,33,16,quarterly slide 2024-07-17
2024Q3,11,38,7,42,18,quarterly slide 2024-10-15
2024Q4,14,39,6,52,21,quarterly slide 2025-01-29
2025Q1,14,25,3,22,13,quarterly slide 2025-04-16
2025Q2,11,31,4,16,14,quarterly slide 2025-07-16
2025Q3,9,38,4,11,10,quarterly slide 2025-10-15
2025Q4,14,37,5,29,17,quarterly slide 2026-01-28
2026Q1,16,17,5,30,11,quarterly slide 2026-04-15
2026Q2,16,23,8,35,9,quarterly slide 2026-07-15
