tech,year,capacity,kind,said_on,quote
euv,2019,30,stated,2018-04-18,"have production capacity for at least 30 systems in 2019"
euv,2021,47.5,stated,2020-02-12,"working on cycle time reduction to enable a capacity of 45-50 systems next year" (midpoint of 45-50)
euv,2022,55,stated,2021-04-21,"EUV capacity is expected to be increased to 55 systems in 2022"
euv,2025,90,target,2022-11-10,"increase our annual capacity to 90 EUV and 600 DUV systems (2025-2026)"
euv,2026,90,target,2022-11-10,"increase our annual capacity to 90 EUV and 600 DUV systems (2025-2026)"
euv,2026,65,stated,2026-07-15,"our 2026 low NA EUV capacity of around 65"
euv,2027,84.5,plan,2026-07-15,"planning to add 30% to our 2026 low NA EUV capacity of around 65 for 2027" (65 x 1.3)
arfi,2026,130,stated,2026-07-15,"our 2026 DUV immersion capacity of around 130"
arfi,2027,169,plan,2026-07-15,"plan to add 30% to our 2026 DUV immersion capacity of around 130 for 2027" (130 x 1.3)
duv,2025,600,target,2022-11-10,"increase our annual capacity to 90 EUV and 600 DUV systems (2025-2026)"
duv,2026,600,target,2022-11-10,"increase our annual capacity to 90 EUV and 600 DUV systems (2025-2026)"
