year,psh,sp500,source
2013,9.6,32.4,https://assets.pershingsquareholdings.com/wp-content/uploads/2026/02/18175039/Pershing-Square-Holdings-Ltd.-2025-Annual-Report.pdf
2014,40.4,13.7,https://assets.pershingsquareholdings.com/wp-content/uploads/2026/02/18175039/Pershing-Square-Holdings-Ltd.-2025-Annual-Report.pdf
2015,-20.5,1.4,https://assets.pershingsquareholdings.com/wp-content/uploads/2026/02/18175039/Pershing-Square-Holdings-Ltd.-2025-Annual-Report.pdf
2016,-13.5,12.0,https://assets.pershingsquareholdings.com/wp-content/uploads/2026/02/18175039/Pershing-Square-Holdings-Ltd.-2025-Annual-Report.pdf
2017,-4.0,21.8,https://assets.pershingsquareholdings.com/wp-content/uploads/2026/02/18175039/Pershing-Square-Holdings-Ltd.-2025-Annual-Report.pdf
2018,-0.7,-4.4,https://assets.pershingsquareholdings.com/wp-content/uploads/2026/02/18175039/Pershing-Square-Holdings-Ltd.-2025-Annual-Report.pdf
2019,58.1,31.5,https://assets.pershingsquareholdings.com/wp-content/uploads/2026/02/18175039/Pershing-Square-Holdings-Ltd.-2025-Annual-Report.pdf
2020,70.2,18.4,https://assets.pershingsquareholdings.com/wp-content/uploads/2026/02/18175039/Pershing-Square-Holdings-Ltd.-2025-Annual-Report.pdf
2021,26.9,28.7,https://assets.pershingsquareholdings.com/wp-content/uploads/2026/02/18175039/Pershing-Square-Holdings-Ltd.-2025-Annual-Report.pdf
2022,-8.8,-18.1,https://assets.pershingsquareholdings.com/wp-content/uploads/2026/02/18175039/Pershing-Square-Holdings-Ltd.-2025-Annual-Report.pdf
2023,26.7,26.3,https://assets.pershingsquareholdings.com/wp-content/uploads/2026/02/18175039/Pershing-Square-Holdings-Ltd.-2025-Annual-Report.pdf
2024,10.2,25.0,https://assets.pershingsquareholdings.com/wp-content/uploads/2026/02/18175039/Pershing-Square-Holdings-Ltd.-2025-Annual-Report.pdf
2025,20.9,17.9,https://assets.pershingsquareholdings.com/wp-content/uploads/2026/02/18175039/Pershing-Square-Holdings-Ltd.-2025-Annual-Report.pdf
