date,return,source
2026-01-31,-2.5,https://pershingsquareholdings.com/performance/nav/
2026-02-28,-7.7,https://pershingsquareholdings.com/performance/nav/
2026-03-31,-6.9,https://pershingsquareholdings.com/performance/nav/
2026-04-30,13.4,https://pershingsquareholdings.com/performance/nav/
2026-05-31,0.3,https://pershingsquareholdings.com/performance/nav/
2026-06-30,-8.3,https://pershingsquareholdings.com/performance/nav/
2026-07-31,3.9,https://pershingsquareholdings.com/performance/nav/
2026-08-31,4.4,https://pershingsquareholdings.com/performance/nav/
2026-09-30,-4.6,https://pershingsquareholdings.com/performance/nav/
