name,total,entrusted
가이아자산운용,27,
갤럭시자산운용,581,
골든브릿지자산운용,4068,
교보에이아이엠자산운용,12807,
교보자산운용,451477,
구도자산운용,2021,
국제자산운용,623,
그래디언트자산운용,109,
그래비티자산운용,5255,
그레이스자산운용,170,
그로쓰힐자산운용,9114,
그린하버자산운용,4293,
글로벌원자산운용,454,
글로벌자산운용,58,
나눔자산운용,945,
나무자산운용,109,
나이스자산운용,1304,
넥서스자산운용,140,
누림자산운용,398,
누버거버먼자산운용,819,
다올자산운용,142635,
다원자산운용,4355,
다인자산운용,522,
단디자산운용,191,
대덕자산운용,444,
대신자산운용,115161,
더글로벌자산운용,433,
더다움자산운용,178,
더블유더블유지자산운용,2780,
더블유자산운용,2653,
더제이자산운용,35855,
더크리에이티브자산운용,978,
더퍼블릭자산운용,229,
더퍼스트자산운용,116,
도미넌트자산운용,885,
두나미스자산운용,521,
디더블유에스자산운용,94978,
디블록자산운용,104,
디비아이자산운용,315,
디비자산운용,555970,
디스커버리자산운용,558,
디에스자산운용,10177,
디에이치지자산운용,103,
디오션자산운용,164,
디와이자산운용,411,
디파인자산운용,299,
라살자산운용,10544,
라온자산운용,226,
라이노스자산운용,3211,
라이언자산운용,3595,
라이크자산운용,131,
라이프자산운용,14136,
라쿤자산운용,511,
람다자산운용,1005,
레이크자산운용,682,
레인메이커자산운용,1597,
로고스투자운용,1506,
로렌스투자자산운용,211,
로만자산운용,608,
로버스트자산운용,1672,
루트엔글로벌자산운용,671,
르네상스자산운용,1852,
르퓨쳐자산운용,432,
리딩자산운용,2271,
리버스톤자산운용,132,
리운자산운용,2033,
리치먼드자산운용,3088,
리치자산운용,189,
리커버리자산운용,291,
리코자산운용,1905,
리판자산운용,567,
린드먼파트너스자산운용,8338,
릴라이언자산운용,862,
링크자산운용,,
마르스자산운용,316,
마스터자산운용,240,
마스턴투자운용,86821,
마스트파트너스자산운용,214,
마시펜아시아자산운용,140,
마에스트로자산운용,271,
마운틴자산운용,388,
마이다스에셋자산운용,185192,
마인드자산운용,224,
마일스톤자산운용,7887,
마제스티자산운용,306,
마크자산운용,656,
맥쿼리자산운용,46558,
머스트자산운용,5429,
머큐리자산운용,542,
멀티에셋자산운용,,
메리디안원자산운용,216,
메리츠대체투자운용,39774,
메이븐자산운용,163,
메이어스자산운용,97,
메자닌플러스자산운용,224,
메테우스자산운용,4550,
멜론자산운용,2882,
모다자산운용,77,
모루자산운용,506,
모비딕자산운용,662,
모트자산운용,479,
모티브자산운용,358,
미래에셋자산운용,2025740,
바로자산운용,4175,
바스티언자산운용,614,
밸류시스템자산운용,3015,
밸류파트너스자산운용,350,
베네투스자산운용,212,
베스타스자산운용,40267,
베아투스자산운용,241,
베어링자산운용,179940,
벤코어인베스트먼츠자산운용,196,
벨에포크자산운용,779,
보고펀드자산운용,121080,
볼트자산운용,4148,
브라이트자산운용,1055,
브라이튼자산운용,1639,
브레인자산운용,6415,
브로드하이자산운용,393,
브룩필드자산운용코리아,4413,
브이아이자산운용,120901,
브이아이피자산운용,46432,
브이앤에스자산운용,4977,
브이엠자산운용,2993,
브이자산운용,8645,
블래쉬자산운용,944,
블랙록자산운용,3648,
블랙보드자산운용,512,
블랙펄자산운용,250,
블루코브자산운용,5111,
블리츠자산운용,4068,
비앤아이자산운용,442,
비엔비자산운용,1323,
비엔케이자산운용,118258,
비욘드자산운용,494,
비전자산운용,1863,
비케이피엘자산운용,8341,
비피자산운용,393,
빌리언폴드자산운용,3593,
사람사점영자산운용,1868,
사우스피크자산운용,1015,
산은인프라자산운용,162755,
삼성액티브자산운용,64689,6402
삼성에스알에이자산운용,179284,
삼성자산운용,3585932,
삼성헤지자산운용,1437,
삼천리자산운용,20965,
새봄자산운용,170,
샘자산운용,532,
서울에셋매니지먼트,953,
서진자산운용,186,
선스피어자산운용,449,
센터피스자산운용,56,
센트로이드에셋매니지먼트,59,
셀레니언자산운용,304,
셀티스자산운용,200,
솔리드런자산운용,202,
수성자산운용,6634,
수협자산운용,2522,
슈니크자산운용,524,
슈로더자산운용,19355,
스마일게이트자산운용,2293,
스카이워크자산운용,1185,
스퀘어자산운용,218,
스타갤럭시 자산운용,218,
스타로드자산운용,3957,
스타퀘스트자산운용,1055,
스탠버그자산운용,220,
스틱얼터너티브자산운용,14428,
스팍스자산운용,9029,
스페이스자산운용,250,
스피네이커자산운용,364,
슬기자산운용,2317,
시그니처자산운용,525,
시드인베스트먼트자산운용,432,
시몬느자산운용,4867,
신라자산운용,44,
신영자산운용,45745,
신한자산운용,1327259,
써밋자산운용,119,
썬앤트리자산운용,510,
씨비알이인베스트먼트매니지먼트자산운용,10234,
씨스퀘어자산운용,2451,
씨앗자산운용,708,
씨앤디자산운용,101,
씨에이씨파트너스자산운용,935,
씨엘자산운용,429,
씨케이골디락스자산운용,622,
아너스자산운용,5571,
아든자산운용,475,
아라자산운용,77,
아람자산운용,278,
아르고스자산운용,104,
아름자산운용,1339,
아미쿠스자산운용,234,
아샘자산운용,2239,
아스트라자산운용,349,
아우름자산운용,1247,
아울자산운용,61,
아이리스자산운용,404,
아이비자산운용,132,
아이비케이자산운용,309097,
아이앤제이자산운용,204,
아이앤케이투자자산운용,1354,
아이엠에셋자산운용,137326,
아이엠엠자산운용,1920,
아이엠엠크레딧앤솔루션,599,
아이온자산운용,537,
아이트러스트자산운용,1174,
아이파트너스자산운용,1646,
아이피엠자산운용,1792,
아크임팩트자산운용,2273,
아테나자산운용,422,
아트만자산운용,1811,
아하에셋자산운용,,
안다에이치자산운용,3143,
안다자산운용,7752,
알더블유씨코리아자산운용,150,
알더인베스트먼트,492,
알세온코리아자산운용,6867,
알지자산운용,61,31
알파자산운용,17894,
알파플러스자산운용,893,
알펜루트자산운용,1850,
애쉬우드파트너스자산운용,217,
앤도버자산운용,537,
앱솔루트자산운용,1499,
어닝자산운용,268,
어라운드자산운용,286,
어반자산운용,302,
어스틴자산운용,50,
어썸자산운용,529,
얼라이언스번스틴자산운용,34601,
얼라인파트너스자산운용,7571,
얼터너티브자산운용,,
에너지인프라자산운용,4226,
에셋플러스자산운용,25805,
에스비자산운용,,
에스앤씨자산운용,359,
에스에이치자산운용,293,
에스엘피자산운용,205,
에스티엔에이치자산운용,413,
에스티프라이빗에쿼티운용,270,
에스피자산운용,2668,
에이디에프자산운용,27715,
에이아이파트너스자산운용,27754,
에이아이피자산운용,9817,
에이알에이코리아자산운용,18517,
에이에프더블유자산운용,114,
에이엠에스자산운용,96,
에이올자산운용,99,
에이원자산운용,3701,
에이치디씨자산운용,21535,
에이치비자산운용,44,
에이치스톤자산운용,40,
에이치알자산운용,1844,
에이치에이치알자산운용,3362,
에이치원자산운용,98,
에이치자산운용,695,
에이케이파트너스자산운용,387,
에이펙스자산운용,618,
에이플랜자산운용,200,
에이피자산운용,219,
에프엘자산운용,3493,
엑스포넨셜자산운용,559,
엑시엄자산운용,104,
엔라이튼자산운용,460,
엔에스자산운용,362,
엔에이치농협리츠운용,4445,
엔에이치아문디자산운용,628344,
엔에이치헤지자산운용,10775,
엘비자산운용,31414,
엘에프자산운용,229,
엘엑스자산운용,1826,
엘엔에스자산운용,1928,
엘케이자산운용,1422,
엠디엠자산운용,13184,
엠플러스자산운용,9752,
오라이언자산운용,7636,
오르카자산운용,590,
오름자산운용,295,
오스카자산운용,87,
오이코스자산운용,166,
오하자산운용,4593,
옵투스자산운용,318,
와이드크릭자산운용,3062,
와이씨자산운용,881,
와이앤피자산운용,2806,
와이즈먼자산운용,344,
와이케이자산운용,3121,
요위스자산운용,772,
우리글로벌자산운용,,
우리자산운용,456901,
우리프라이빗에퀴티자산운용,9540,
우시아자산운용,8,
우영자산운용,504,
원에이츠자산운용,645,
원자산운용,2055,
월넛자산운용,1461,
웰브릿지자산운용,10059,
웰스자산운용,201,
웰컴자산운용,13085,
위너스자산운용,275,
위베스트자산운용,213,
위솔자산운용,872,
위플러스자산운용,54,
유경피에스지자산운용,5334,
유나이티드파트너스자산운용,4677,
유니스토리자산운용,986,
유리자산운용,135633,
유진자산운용,81390,
유피자산운용,102,
유피테르자산운용,,
으뜸자산운용,401,
이가자산운용,303,
이도자산운용,53,
이든자산운용,8456,
이루자산운용,216,
이룸자산운용,185,
이스트우드자산운용,113,
이아이피자산운용,1764,
이에이자산운용,240,
이오스자산운용,143,
이지스리얼에셋투자운용,1108,
이지스엑스자산운용,6444,
이지스자산운용,293972,
이현자산운용,940,
이화자산운용,8114,
인마크자산운용,9987,
인벡스자산운용,1035,
인사이트자산운용,1563,
인터레이스자산운용,949,
인트러스투자운용,2351,
인프라프론티어자산운용,99,
인피니티글로벌자산운용,1070,
자비스자산운용,138,
자산운용진,169,
자산운용현,192,
제니스자산운용,200,
제브라자산운용,317,
제이더블유자산운용,238,
제이드자산운용,787,
제이비자산운용,60118,
제이씨에셋자산운용,2478,
제이알투자운용,13604,
제이앤제이자산운용,183,
제이에이치자산운용,469,
제이엠씨자산운용,288,
제이자산운용,152,
제이커브자산운용,468,
제이피에셋자산운용,398,
조인에셋글로벌자산운용,1182,
지니자산운용,450,
지베스코자산운용,2519,
지브이에이자산운용,8307,
지안자산운용,441,
지알이파트너스자산운용,1674,
지지자산운용,1350,
차파트너스자산운용,2433,
카디안자산운용,100460,
칸서스자산운용,65735,
칼론인베스트먼트자산운용,1879,
캐피탈랜드투자운용,12703,
캡스톤자산운용,52729,
케이리츠투자운용,2722,
케이비자산운용,1505867,
케이씨지아이대체투자운용,1876,
케이씨지아이자산운용,25533,
케이에스디자산운용,53,
케이에스에프자산운용,4775,
케이에스자산운용,368,
케이와이자산운용,658,
케이원자산운용,1117,
케이지티자산운용,220,
케이클라비스자산운용,7553,
케이티투자운용,1585,
케이펙스자산운용,1133,
케이프리덤자산운용,117,
케이핀자산운용,731,
케펠자산운용,9192,
케플러자산운용,112,
켄달스퀘어자산운용,50629,
코너스톤자산운용,292,
코람코자산운용,69246,
코레이트자산운용,35641,
코리아자산운용,330,
코어자산운용,432,
쿼드자산운용,20284,
쿼터백자산운용,1494,
퀀트인자산운용,262,
퀸즈가드자산운용,816,
큐브인더스트리얼자산운용,249,
크레스톤자산운용,903,
크로스자산운용,120,
크로톤자산운용,318,
키움투자자산운용,555835,
키웨스트글로벌자산운용,704,
키플렉스자산운용,140,
타이거대체투자운용,47059,
타이거자산운용투자일임,8400,
타임폴리오자산운용,34594,
태성자산운용,2668,
테라자산운용,111,
텐세그리티자산운용,3584,
템플턴하나자산운용,28887,
토러스자산운용,15839,
토마토자산운용,145,
토브자산운용,737,
토터스자산운용,479,
토포앤코코리아자산운용,6501,
트라움자산운용,1208,
트러스타자산운용,686,
트러스톤자산운용,123009,
트레스자산운용,387,
티아이자산운용,628,
티엘자산운용,395,
파레토자산운용,546,
파로스자산운용,968,
파이브트리자산운용,475,
파이어스톤자산운용,151,
파인밸류자산운용,3960,
파인스트리트자산운용,71751,
파인앤파트너스자산운용,923,
파인트리자산운용,35537,
퍼시픽브릿지자산운용,729,
퍼시픽자산운용,21961,
페블스톤자산운용,13286,
페블즈자산운용,1174,
페어웨이자산운용,497,
페트라빌자산운용,435,
페트라자산운용,2511,
포도자산운용,379,
포레스트자산운용,205,
포렉스자산운용,67,
포스트자산운용,181,
포어모스트자산운용,238,
포커스자산운용,3938,
포트코리아자산운용,3899,
푸른파트너스자산운용,1986,
프라임자산운용,1049,
프라핏자산운용,1001,
프레스토자산운용,722,
플랫폼파트너스자산운용,15893,
플러스자산운용,49423,
피나클자산운용,130,
피데스자산운용,11277,
피델리티자산운용,65269,
피보나치자산운용,798,
피아이에이자산운용,6609,
피앤케이자산운용,382,
피에스자산운용,453,
피에이씨엠자산운용,76,
피티알자산운용,1689,
하나대체투자자산운용,124441,
하나자산운용,312490,
하베스트자산운용,107,
하우자산운용,2873,
하이즈에셋자산운용,465,
한강에셋자산운용,19282,
한국교통자산운용,9097,
한국대성자산운용,70,
한국대안투자자산운용,960,
한국대체투자자산운용,2903,
한국성장금융투자운용,69910,
한국채권투자운용,8477,
한국투자리얼에셋운용,68713,
한국투자밸류자산운용,41965,
한국투자신탁운용,700292,
한미글로벌투자운용,120,
한백자산운용,235,
한스프라임자산운용,141,
한앤파트너스자산운용,580,
한일퍼스트자산운용,501,
한화인베스트먼트,22,
한화자산운용,1037495,
해디브자산운용,225,
허브자산운용,64,
헤리티지자산운용,4155,
혁신자산운용,888,
현대인베스트먼트자산운용,218270,
현대자산운용,79041,
화인자산운용,6777,
황소자산운용,697,
휴먼앤드브릿지자산운용,295,
흥국자산운용,377543,
DS투자증권,545,
IBK투자증권,3475,
PEI korea M&A,8,
교보증권,15948,
리딩투자증권,8742,
신영증권,1796,
신한투자증권,18812,
제너시스투자자문,,
케이프투자증권,1649,
코리아에셋투자증권,1809,
한국투자증권,1717,
홍익인간사모기업인수증권투자회사,57,
