period,production_100m_krw,production_pieces,capacity_pieces,available_hours,actual_hours,quarter_utilization_pct,annual_rated_capacity_pieces,hours_issue,receipt,previous_receipt,report_url,viewer_url
2009-03-31,,11803,17658,5250,3708,70.63,,,20090515000053,,https://dart.fss.or.kr/dsaf001/main.do?rcpNo=20090515000053,https://dart.fss.or.kr/report/viewer.do?rcpNo=20090515000053&dcmNo=2306610&eleId=10&offset=50119&length=85058&dtd=dart3.xsd
2009-06-30,,18767,29394,5250,4214,80.27,,,20090813000203,20090515000053,https://dart.fss.or.kr/dsaf001/main.do?rcpNo=20090813000203,https://dart.fss.or.kr/report/viewer.do?rcpNo=20090813000203&dcmNo=2379442&eleId=10&offset=48259&length=84581&dtd=dart3.xsd
2009-09-30,,21572,23526,5250,4306,82.02,,,20091113000527,20090813000203,https://dart.fss.or.kr/dsaf001/main.do?rcpNo=20091113000527,https://dart.fss.or.kr/report/viewer.do?rcpNo=20091113000527&dcmNo=2452230&eleId=10&offset=35448&length=81872&dtd=dart3.xsd
2009-12-31,,18141,23526,5250,4304,81.98,94104,,20100329000612,20091113000527,https://dart.fss.or.kr/dsaf001/main.do?rcpNo=20100329000612,https://dart.fss.or.kr/report/viewer.do?rcpNo=20100329000612&dcmNo=2577118&eleId=10&offset=38186&length=68852&dtd=dart3.xsd
2010-03-31,,16671,,5250,4290,81.71,94104,,20100514003418,,https://dart.fss.or.kr/dsaf001/main.do?rcpNo=20100514003418,https://dart.fss.or.kr/report/viewer.do?rcpNo=20100514003418&dcmNo=2679930&eleId=12&offset=40437&length=68824&dtd=dart3.xsd
2010-06-30,,16000,,5250,4584,87.31,94104,,20100813000595,20100514003418,https://dart.fss.or.kr/dsaf001/main.do?rcpNo=20100813000595,https://dart.fss.or.kr/report/viewer.do?rcpNo=20100813000595&dcmNo=2748296&eleId=10&offset=39424&length=68506&dtd=dart3.xsd
2010-09-30,,17375,,5250,4396,83.73,94104,,20101112000644,20100813000595,https://dart.fss.or.kr/dsaf001/main.do?rcpNo=20101112000644,https://dart.fss.or.kr/report/viewer.do?rcpNo=20101112000644&dcmNo=2817530&eleId=10&offset=39878&length=68651&dtd=dart3.xsd
2010-12-31,,15772,,5250,4398,83.77,94104,,20110328000582,20101112000644,https://dart.fss.or.kr/dsaf001/main.do?rcpNo=20110328000582,https://dart.fss.or.kr/report/viewer.do?rcpNo=20110328000582&dcmNo=2945888&eleId=10&offset=48583&length=62142&dtd=dart3.xsd
2011-03-31,,20184,,5250,4532,86.32,94104,,20110516001557,,https://dart.fss.or.kr/dsaf001/main.do?rcpNo=20110516001557,https://dart.fss.or.kr/report/viewer.do?rcpNo=20110516001557&dcmNo=3052095&eleId=10&offset=54499&length=65627&dtd=dart3.xsd
2011-06-30,,21864,,5250,4243,80.82,94104,,20110816000065,20110516001557,https://dart.fss.or.kr/dsaf001/main.do?rcpNo=20110816000065,https://dart.fss.or.kr/report/viewer.do?rcpNo=20110816000065&dcmNo=3124588&eleId=10&offset=59792&length=59404&dtd=dart3.xsd
2011-09-30,,16464,,5250,4139,78.84,94104,,20111114001262,20110816000065,https://dart.fss.or.kr/dsaf001/main.do?rcpNo=20111114001262,https://dart.fss.or.kr/report/viewer.do?rcpNo=20111114001262&dcmNo=3195529&eleId=10&offset=59762&length=59357&dtd=dart3.xsd
2011-12-31,,,,5250,4206,80.11,,,20120330001466,20111114001262,https://dart.fss.or.kr/dsaf001/main.do?rcpNo=20120330001466,https://dart.fss.or.kr/report/viewer.do?rcpNo=20120330001466&dcmNo=3328511&eleId=10&offset=71095&length=38900&dtd=dart3.xsd
2012-03-31,104.81923,,,5250,3964,75.5,,,20120515001099,,https://dart.fss.or.kr/dsaf001/main.do?rcpNo=20120515001099,https://dart.fss.or.kr/report/viewer.do?rcpNo=20120515001099&dcmNo=3422081&eleId=10&offset=67863&length=58240&dtd=dart3.xsd
2012-06-30,123.48658,,,5250,4281,81.54,,,20120814000468,20120515001099,https://dart.fss.or.kr/dsaf001/main.do?rcpNo=20120814000468,https://dart.fss.or.kr/report/viewer.do?rcpNo=20120814000468&dcmNo=3491518&eleId=10&offset=67948&length=58119&dtd=dart3.xsd
2012-09-30,126.33312,,,5250,3583,68.25,,,20121114000320,20120814000468,https://dart.fss.or.kr/dsaf001/main.do?rcpNo=20121114000320,https://dart.fss.or.kr/report/viewer.do?rcpNo=20121114000320&dcmNo=3558892&eleId=10&offset=68836&length=58333&dtd=dart3.xsd
2012-12-31,110.31861,,,5250,4032,76.8,,,20130329000818,20121114000320,https://dart.fss.or.kr/dsaf001/main.do?rcpNo=20130329000818,https://dart.fss.or.kr/report/viewer.do?rcpNo=20130329000818&dcmNo=3693189&eleId=10&offset=75591&length=53724&dtd=dart3.xsd
2013-03-31,114.88092,,,5580,4184,74.98,,,20130530000294,,https://dart.fss.or.kr/dsaf001/main.do?rcpNo=20130530000294,https://dart.fss.or.kr/report/viewer.do?rcpNo=20130530000294&dcmNo=3816107&eleId=10&offset=76229&length=53780&dtd=dart3.xsd
2013-06-30,116.3598,,,5580,4637,83.1,,,20130823000106,20130530000294,https://dart.fss.or.kr/dsaf001/main.do?rcpNo=20130823000106,https://dart.fss.or.kr/report/viewer.do?rcpNo=20130823000106&dcmNo=3883255&eleId=10&offset=76429&length=54249&dtd=dart3.xsd
2013-09-30,119.02642,,,5580,4412,79.07,,,20131128000610,20130823000106,https://dart.fss.or.kr/dsaf001/main.do?rcpNo=20131128000610,https://dart.fss.or.kr/report/viewer.do?rcpNo=20131128000610&dcmNo=3966616&eleId=10&offset=77002&length=54240&dtd=dart3.xsd
2013-12-31,119.03814,,,5580,4519,80.99,,,20140715000104,20131128000610,https://dart.fss.or.kr/dsaf001/main.do?rcpNo=20140715000104,https://dart.fss.or.kr/report/viewer.do?rcpNo=20140715000104&dcmNo=4272750&eleId=12&offset=80212&length=54403&dtd=dart3.xsd
2014-03-31,108.56745,,,5580,4434,79.46,,,20140715000106,,https://dart.fss.or.kr/dsaf001/main.do?rcpNo=20140715000106,https://dart.fss.or.kr/report/viewer.do?rcpNo=20140715000106&dcmNo=4272755&eleId=12&offset=81419&length=56601&dtd=dart3.xsd
2014-06-30,114.43934,,,5580,4744,85.02,,,20140829000388,20140715000106,https://dart.fss.or.kr/dsaf001/main.do?rcpNo=20140829000388,https://dart.fss.or.kr/report/viewer.do?rcpNo=20140829000388&dcmNo=4315993&eleId=10&offset=79700&length=56779&dtd=dart3.xsd
2014-09-30,111.13782,,,5580,4739,84.93,,,20141126000298,20140829000388,https://dart.fss.or.kr/dsaf001/main.do?rcpNo=20141126000298,https://dart.fss.or.kr/report/viewer.do?rcpNo=20141126000298&dcmNo=4395545&eleId=10&offset=78755&length=51469&dtd=dart3.xsd
2014-12-31,110.12385,,,5580,4678,83.84,,,20150331001212,20141126000298,https://dart.fss.or.kr/dsaf001/main.do?rcpNo=20150331001212,https://dart.fss.or.kr/report/viewer.do?rcpNo=20150331001212&dcmNo=4548963&eleId=10&offset=82733&length=51271&dtd=dart3.xsd
2015-03-31,114.11284,,,5580,4880,87.46,,,20150514002538,,https://dart.fss.or.kr/dsaf001/main.do?rcpNo=20150514002538,https://dart.fss.or.kr/report/viewer.do?rcpNo=20150514002538&dcmNo=4663426&eleId=10&offset=84304&length=47370&dtd=dart3.xsd
2015-06-30,124.82687,,,5580,5282,94.66,,,20150813000027,20150514002538,https://dart.fss.or.kr/dsaf001/main.do?rcpNo=20150813000027,https://dart.fss.or.kr/report/viewer.do?rcpNo=20150813000027&dcmNo=4762689&eleId=10&offset=87938&length=46792&dtd=dart3.xsd
2015-09-30,128.99613,,,5580,5421,97.15,,,20151112000060,20150813000027,https://dart.fss.or.kr/dsaf001/main.do?rcpNo=20151112000060,https://dart.fss.or.kr/report/viewer.do?rcpNo=20151112000060&dcmNo=4848379&eleId=10&offset=90523&length=49443&dtd=dart3.xsd
2015-12-31,144.17065,,,12420,7424,59.77,,,20160816002100,20151112000060,https://dart.fss.or.kr/dsaf001/main.do?rcpNo=20160816002100,https://dart.fss.or.kr/report/viewer.do?rcpNo=20160816002100&dcmNo=5262520&eleId=12&offset=272111&length=33967&dtd=dart3.xsd
2016-03-31,141.10798,,,7290,5259,72.14,,,20160512001330,,https://dart.fss.or.kr/dsaf001/main.do?rcpNo=20160512001330,https://dart.fss.or.kr/report/viewer.do?rcpNo=20160512001330&dcmNo=5130073&eleId=10&offset=81278&length=34497&dtd=dart3.xsd
2016-06-30,141.78749,,,7290,6691,91.78,,,20160816001436,20160512001330,https://dart.fss.or.kr/dsaf001/main.do?rcpNo=20160816001436,https://dart.fss.or.kr/report/viewer.do?rcpNo=20160816001436&dcmNo=5260290&eleId=10&offset=75983&length=32141&dtd=dart3.xsd
2016-09-30,127.36978,,,7290,5327,73.07,,,20161111000222,20160816001436,https://dart.fss.or.kr/dsaf001/main.do?rcpNo=20161111000222,https://dart.fss.or.kr/report/viewer.do?rcpNo=20161111000222&dcmNo=5345491&eleId=10&offset=75837&length=32929&dtd=dart3.xsd
2016-12-31,129.86343,,,7290,5468,75.01,,,20170329000696,20161111000222,https://dart.fss.or.kr/dsaf001/main.do?rcpNo=20170329000696,https://dart.fss.or.kr/report/viewer.do?rcpNo=20170329000696&dcmNo=5513449&eleId=10&offset=75707&length=37112&dtd=dart3.xsd
2017-03-31,120.61625,,,10080,7923,78.6,,,20170512004157,,https://dart.fss.or.kr/dsaf001/main.do?rcpNo=20170512004157,https://dart.fss.or.kr/report/viewer.do?rcpNo=20170512004157&dcmNo=5644082&eleId=10&offset=75384&length=37130&dtd=dart3.xsd
2017-06-30,141.30732,,,12384,9506,76.76,,,20170811000859,20170512004157,https://dart.fss.or.kr/dsaf001/main.do?rcpNo=20170811000859,https://dart.fss.or.kr/report/viewer.do?rcpNo=20170811000859&dcmNo=5746053&eleId=10&offset=75367&length=37273&dtd=dart3.xsd
2017-09-30,142.63006,,,12528,8936,71.33,,,20171113000664,20170811000859,https://dart.fss.or.kr/dsaf001/main.do?rcpNo=20171113000664,https://dart.fss.or.kr/report/viewer.do?rcpNo=20171113000664&dcmNo=5841234&eleId=10&offset=75340&length=37306&dtd=dart3.xsd
2017-12-31,134.43954,,,12528,8830,70.48,,,20180330003161,20171113000664,https://dart.fss.or.kr/dsaf001/main.do?rcpNo=20180330003161,https://dart.fss.or.kr/report/viewer.do?rcpNo=20180330003161&dcmNo=6039243&eleId=10&offset=76217&length=35919&dtd=dart3.xsd
2018-03-31,144.22634,,,12240,9174,74.95,,,20180814000297,,https://dart.fss.or.kr/dsaf001/main.do?rcpNo=20180814000297,https://dart.fss.or.kr/report/viewer.do?rcpNo=20180814000297&dcmNo=6279968&eleId=12&offset=114339&length=35810&dtd=dart3.xsd
2018-06-30,145.53511,,,12384,9475,76.51,,,20180814000327,20180814000297,https://dart.fss.or.kr/dsaf001/main.do?rcpNo=20180814000327,https://dart.fss.or.kr/report/viewer.do?rcpNo=20180814000327&dcmNo=6280040&eleId=10&offset=77305&length=36049&dtd=dart3.xsd
2018-09-30,153.87069,,,12528,8988,71.74,,,20181114000425,20180814000327,https://dart.fss.or.kr/dsaf001/main.do?rcpNo=20181114000425,https://dart.fss.or.kr/report/viewer.do?rcpNo=20181114000425&dcmNo=6379802&eleId=10&offset=93290&length=39337&dtd=dart3.xsd
2018-12-31,166.52956,,,12528,9605,76.67,,,20190329003105,20181114000425,https://dart.fss.or.kr/dsaf001/main.do?rcpNo=20190329003105,https://dart.fss.or.kr/report/viewer.do?rcpNo=20190329003105&dcmNo=6590459&eleId=10&offset=93528&length=39581&dtd=dart3.xsd
2019-03-31,175.41673,,,12240,9441,77.13,,,20190514000358,,https://dart.fss.or.kr/dsaf001/main.do?rcpNo=20190514000358,https://dart.fss.or.kr/report/viewer.do?rcpNo=20190514000358&dcmNo=6733882&eleId=10&offset=93896&length=40428&dtd=dart3.xsd
2019-06-30,182.45839,,,12384,9548,77.1,,,20190813000237,20190514000358,https://dart.fss.or.kr/dsaf001/main.do?rcpNo=20190813000237,https://dart.fss.or.kr/report/viewer.do?rcpNo=20190813000237&dcmNo=6838265&eleId=10&offset=93853&length=40435&dtd=dart3.xsd
2019-09-30,241.18353,,,12528,9737,77.72,,,20191112000116,20190813000237,https://dart.fss.or.kr/dsaf001/main.do?rcpNo=20191112000116,https://dart.fss.or.kr/report/viewer.do?rcpNo=20191112000116&dcmNo=6952700&eleId=10&offset=94203&length=40695&dtd=dart3.xsd
2019-12-31,245.60903,,,16704,13243,79.28,,,20200327001314,20191112000116,https://dart.fss.or.kr/dsaf001/main.do?rcpNo=20200327001314,https://dart.fss.or.kr/report/viewer.do?rcpNo=20200327001314&dcmNo=7179595&eleId=10&offset=92550&length=40908&dtd=dart3.xsd
2020-03-31,250.51597,,,,,,,"2020 Q1 원문의 시간 두 값이 2019년 연간값과 동일하며 2020년 반기 누적값보다 큼. 원문 보존, 분기 계산 제외.",20200514000871,,https://dart.fss.or.kr/dsaf001/main.do?rcpNo=20200514000871,https://dart.fss.or.kr/report/viewer.do?rcpNo=20200514000871&dcmNo=7337467&eleId=10&offset=92268&length=41324&dtd=dart3.xsd
2020-06-30,228.81221,,,,,,,직전 분기 누적 시간값 불일치로 분기 계산 제외,20200814000501,20200514000871,https://dart.fss.or.kr/dsaf001/main.do?rcpNo=20200814000501,https://dart.fss.or.kr/report/viewer.do?rcpNo=20200814000501&dcmNo=7441880&eleId=10&offset=92344&length=41058&dtd=dart3.xsd
2020-09-30,202.79156,,,16704,12952,77.54,,,20201116000335,20200814000501,https://dart.fss.or.kr/dsaf001/main.do?rcpNo=20201116000335,https://dart.fss.or.kr/report/viewer.do?rcpNo=20201116000335&dcmNo=7546973&eleId=10&offset=102986&length=43602&dtd=dart3.xsd
2020-12-31,191.62389,,,16704,13347,79.9,,,20210423000170,20201116000335,https://dart.fss.or.kr/dsaf001/main.do?rcpNo=20210423000170,https://dart.fss.or.kr/report/viewer.do?rcpNo=20210423000170&dcmNo=8040139&eleId=13&offset=119395&length=43669&dtd=dart3.xsd
2021-03-31,247.44723,,,16320,12736,78.04,,,20210514000508,,https://dart.fss.or.kr/dsaf001/main.do?rcpNo=20210514000508,https://dart.fss.or.kr/report/viewer.do?rcpNo=20210514000508&dcmNo=8068109&eleId=11&offset=93273&length=41520&dtd=dart3.xsd
2021-06-30,225.41417,,,16512,12952,78.44,,,20210813000693,20210514000508,https://dart.fss.or.kr/dsaf001/main.do?rcpNo=20210813000693,https://dart.fss.or.kr/report/viewer.do?rcpNo=20210813000693&dcmNo=8173826&eleId=9&offset=88661&length=46959&dtd=dart3.xsd
2021-09-30,239.59656,,,16704,13080,78.3,,,20211112000489,20210813000693,https://dart.fss.or.kr/dsaf001/main.do?rcpNo=20211112000489,https://dart.fss.or.kr/report/viewer.do?rcpNo=20211112000489&dcmNo=8271789&eleId=9&offset=88822&length=47261&dtd=dart3.xsd
2021-12-31,275.97003,,,16704,13206,79.06,,,20220308000676,20211112000489,https://dart.fss.or.kr/dsaf001/main.do?rcpNo=20220308000676,https://dart.fss.or.kr/report/viewer.do?rcpNo=20220308000676&dcmNo=8446224&eleId=9&offset=100534&length=49174&dtd=dart3.xsd
2022-03-31,282.94666,,,16320,12866,78.84,,,20220516000704,,https://dart.fss.or.kr/dsaf001/main.do?rcpNo=20220516000704,https://dart.fss.or.kr/report/viewer.do?rcpNo=20220516000704&dcmNo=8662297&eleId=9&offset=94577&length=50128&dtd=dart3.xsd
2022-06-30,303.82063,,,16512,13091,79.28,,,20220812000518,20220516000704,https://dart.fss.or.kr/dsaf001/main.do?rcpNo=20220812000518,https://dart.fss.or.kr/report/viewer.do?rcpNo=20220812000518&dcmNo=8764081&eleId=9&offset=91585&length=48170&dtd=dart3.xsd
2022-09-30,313.57965,,,16704,13789,82.55,,,20221114000654,20220812000518,https://dart.fss.or.kr/dsaf001/main.do?rcpNo=20221114000654,https://dart.fss.or.kr/report/viewer.do?rcpNo=20221114000654&dcmNo=8868212&eleId=9&offset=93564&length=48233&dtd=dart3.xsd
2022-12-31,322.14051,,,16704,13851,82.92,,,20230315000680,20221114000654,https://dart.fss.or.kr/dsaf001/main.do?rcpNo=20230315000680,https://dart.fss.or.kr/report/viewer.do?rcpNo=20230315000680&dcmNo=9058194&eleId=9&offset=92663&length=48747&dtd=dart3.xsd
2023-03-31,336.57642,,,16320,13349,81.8,,,20230512000568,,https://dart.fss.or.kr/dsaf001/main.do?rcpNo=20230512000568,https://dart.fss.or.kr/report/viewer.do?rcpNo=20230512000568&dcmNo=9269578&eleId=9&offset=94502&length=48825&dtd=dart3.xsd
2023-06-30,345.25031,,,16512,13633,82.56,,,20230811001107,20230512000568,https://dart.fss.or.kr/dsaf001/main.do?rcpNo=20230811001107,https://dart.fss.or.kr/report/viewer.do?rcpNo=20230811001107&dcmNo=9382094&eleId=9&offset=100033&length=49015&dtd=dart3.xsd
2023-09-30,373.94965,,,16704,13747,82.3,,,20231113000135,20230811001107,https://dart.fss.or.kr/dsaf001/main.do?rcpNo=20231113000135,https://dart.fss.or.kr/report/viewer.do?rcpNo=20231113000135&dcmNo=9491420&eleId=9&offset=101758&length=48898&dtd=dart3.xsd
2023-12-31,374.47264,,,16704,13608,81.47,,,20240315000401,20231113000135,https://dart.fss.or.kr/dsaf001/main.do?rcpNo=20240315000401,https://dart.fss.or.kr/report/viewer.do?rcpNo=20240315000401&dcmNo=9720335&eleId=9&offset=99699&length=60518&dtd=dart4.xsd
2024-03-31,390.36585,,,16512,13479,81.63,,,20240514000473,,https://dart.fss.or.kr/dsaf001/main.do?rcpNo=20240514000473,https://dart.fss.or.kr/report/viewer.do?rcpNo=20240514000473&dcmNo=9943220&eleId=9&offset=99487&length=61996&dtd=dart4.xsd
2024-06-30,406.66998,,,16512,13502,81.77,,,20240814001333,20240514000473,https://dart.fss.or.kr/dsaf001/main.do?rcpNo=20240814001333,https://dart.fss.or.kr/report/viewer.do?rcpNo=20240814001333&dcmNo=10065216&eleId=9&offset=98886&length=62870&dtd=dart4.xsd
2024-09-30,413.24248,,,16704,13672,81.85,,,20241113000127,20240814001333,https://dart.fss.or.kr/dsaf001/main.do?rcpNo=20241113000127,https://dart.fss.or.kr/report/viewer.do?rcpNo=20241113000127&dcmNo=10177750&eleId=9&offset=107382&length=54015&dtd=dart4.xsd
2024-12-31,455.81892,,,16704,13802,82.63,,,20250317000263,20241113000127,https://dart.fss.or.kr/dsaf001/main.do?rcpNo=20250317000263,https://dart.fss.or.kr/report/viewer.do?rcpNo=20250317000263&dcmNo=10412487&eleId=9&offset=111363&length=53854&dtd=dart4.xsd
2025-03-31,548.53396,,,16320,13562,83.1,,,20250513000165,,https://dart.fss.or.kr/dsaf001/main.do?rcpNo=20250513000165,https://dart.fss.or.kr/report/viewer.do?rcpNo=20250513000165&dcmNo=10636543&eleId=9&offset=109156&length=52660&dtd=dart4.xsd
2025-06-30,590.36824,,,16512,13809,83.63,,,20250814000675,20250513000165,https://dart.fss.or.kr/dsaf001/main.do?rcpNo=20250814000675,https://dart.fss.or.kr/report/viewer.do?rcpNo=20250814000675&dcmNo=10762964&eleId=9&offset=107381&length=52610&dtd=dart4.xsd
2025-09-30,606.45959,,,16704,14064,84.2,,,20251113000316,20250814000675,https://dart.fss.or.kr/dsaf001/main.do?rcpNo=20251113000316,https://dart.fss.or.kr/report/viewer.do?rcpNo=20251113000316&dcmNo=10875252&eleId=9&offset=113045&length=52467&dtd=dart4.xsd
2025-12-31,602.7404,,,16704,14128,84.58,,,20260316000487,20251113000316,https://dart.fss.or.kr/dsaf001/main.do?rcpNo=20260316000487,https://dart.fss.or.kr/report/viewer.do?rcpNo=20260316000487&dcmNo=11124628&eleId=9&offset=115631&length=52355&dtd=dart4.xsd
2026-03-31,602.31284,,,16320,13629,83.51,,,20260514000424,,https://dart.fss.or.kr/dsaf001/main.do?rcpNo=20260514000424,https://dart.fss.or.kr/report/viewer.do?rcpNo=20260514000424&dcmNo=11377893&eleId=9&offset=116591&length=51513&dtd=dart4.xsd
2026-06-30,648.41216,,,16512,13851,83.88,,,20260813000645,20260514000424,https://dart.fss.or.kr/dsaf001/main.do?rcpNo=20260813000645,https://dart.fss.or.kr/report/viewer.do?rcpNo=20260813000645&dcmNo=11523270&eleId=9&offset=144328&length=63217&dtd=dart4.xsd
